Architecture,MSE,MAE,Accuracy,Balanced Accuracy,F1 Score,Precision
simple,0.10058854870085618,0.10058854870085618,0.8994114512991438,0.8993858033970643,0.8908186650025822,0.9736468430011553
stacked,0.0653078419467952,0.0653078419467952,0.9346921580532048,0.934672799390377,0.9305614839406634,0.9930241777892745
dropout,0.07108429256446157,0.07108429256446157,0.9289157074355384,0.9288970193390951,0.9245842075097671,0.9842155197264023
bidirectional,0.06178522309093387,0.06178522309093387,0.9382147769090661,0.938196437153695,0.9345236766534528,0.993533796800402
batch_norm,0.07971799224354764,0.07971799224354764,0.9202820077564523,0.9202575277436469,0.9138054842530023,0.994227825960207
dense_layers,0.17322289268588847,0.17322289268588847,0.8267771073141116,0.8267248470389125,0.7937738139667302,0.9801317265799175
attention,0.09093015475733207,0.09093015475733207,0.9090698452426679,0.9090438842629525,0.9011991486004548,0.9862128507192655
cnn_lstm,0.09911779647366399,0.09911779647366399,0.900882203526336,0.9008534839778373,0.8913071539309186,0.9862254562949153
