Accuracy,Balanced Accuracy,F1 Score (Macro),F1 Score (Weighted),Precision (Macro),Precision (Weighted),Recall (Macro),Recall (Weighted),MSE,MAE
0.7185763888888889,0.7185763888888889,0.6771218445252067,0.6771218445252066,0.7835865774569012,0.7835865774569011,0.7185763888888889,0.7185763888888889,0.1342586874961853,0.1422480344772339
